Address Range,Name,Size (kB),RSS (kB),PSS (kB)
570a8e2000-570a918000 r--p 00000000 00:1e 119                            /tmp/unified,/tmp/unified,216,120,120
570a918000-570a987000 r-xp 00035000 00:1e 119                            /tmp/unified,/tmp/unified,444,380,380
570a987000-570a98f000 r--p 000a3000 00:1e 119                            /tmp/unified,/tmp/unified,32,32,32
570a98f000-570a990000 rw-p 000aa000 00:1e 119                            /tmp/unified,/tmp/unified,4,4,4
570a990000-570a992000 rw-p 00000000 00:00 0                              [anon:.bss],[anon:.bss],8,4,4
5effc00000-5effe01000 rw-s 5effc00000 00:10 580                          /dev/mali0,/dev/mali0,2052,0,0
5efffed000-5efffee000 rw-s 5efffed000 00:10 580                          /dev/mali0,/dev/mali0,4,0,0
5efffee000-5efffef000 rw-s 5efffee000 00:10 580                          /dev/mali0,/dev/mali0,4,0,0
5efffef000-5effff0000 rw-s 5efffef000 00:10 580                          /dev/mali0,/dev/mali0,4,0,0
5effff0000-5effff1000 rw-s 5effff0000 00:10 580                          /dev/mali0,/dev/mali0,4,0,0
5effffe000-5efffff000 rw-s 5effffe000 00:10 580                          /dev/mali0,/dev/mali0,4,0,0
7b660aa000-7b67080000 ---p 00000000 00:00 0,(anonymous),16216,0,0
7b67080000-7b67084000 rw-p 00000000 00:00 0,(anonymous),16,0,0
7b67084000-7b677e0000 ---p 00000000 00:00 0,(anonymous),7536,0,0
7b677e0000-7b677e4000 rw-p 00000000 00:00 0,(anonymous),16,0,0
7b677e4000-7b6907c000 ---p 00000000 00:00 0,(anonymous),25184,0,0
7b6907c000-7b69080000 rw-p 00000000 00:00 0,(anonymous),16,0,0
7b69080000-7b69d78000 ---p 00000000 00:00 0,(anonymous),13280,0,0
7b69d78000-7b69d7c000 rw-p 00000000 00:00 0,(anonymous),16,0,0
7b69d7c000-7b6a1d0000 ---p 00000000 00:00 0,(anonymous),4432,0,0
7b6a1d0000-7b6a1d4000 rw-p 00000000 00:00 0,(anonymous),16,0,0
7b6a1d4000-7b6b5a0000 ---p 00000000 00:00 0,(anonymous),20272,0,0
7b6b5a0000-7b6b5a4000 rw-p 00000000 00:00 0,(anonymous),16,0,0
7b6b5a4000-7b6cfe4000 ---p 00000000 00:00 0,(anonymous),26880,0,0
7b6cfe4000-7b6cfe8000 rw-p 00000000 00:00 0,(anonymous),16,0,0
7b6cfe8000-7b6d0aa000 ---p 00000000 00:00 0,(anonymous),776,0,0
7b6d0aa000-7b6d0ab000 ---p 00000000 00:00 0,(anonymous),4,0,0
7b6d0ab000-7b6d1a7000 rw-p 00000000 00:00 0                              [anon:stack_and_tls:11450],[anon:stack_and_tls:11450],1008,12,12
7b6d1a7000-7b6d1a9000 ---p 00000000 00:00 0,(anonymous),8,0,0
7b6d1a9000-7b6d2a5000 rw-p 00000000 00:00 0                              [anon:stack_and_tls:11449],[anon:stack_and_tls:11449],1008,12,12
7b6d2a5000-7b6d2a7000 ---p 00000000 00:00 0,(anonymous),8,0,0
7b6d2a7000-7b6d3a3000 rw-p 00000000 00:00 0                              [anon:stack_and_tls:11448],[anon:stack_and_tls:11448],1008,12,12
7b6d3a3000-7b6d3a5000 ---p 00000000 00:00 0,(anonymous),8,0,0
7b6d3a5000-7b6d4a1000 rw-p 00000000 00:00 0                              [anon:stack_and_tls:11447],[anon:stack_and_tls:11447],1008,12,12
7b6d4a1000-7b6d4a2000 ---p 00000000 00:00 0,(anonymous),4,0,0
7b6d4a2000-7b6e2f0000 ---p 00000000 00:00 0,(anonymous),14648,0,0
7b6e2f0000-7b6e2f4000 rw-p 00000000 00:00 0,(anonymous),16,0,0
7b6e2f4000-7b6e4a2000 ---p 00000000 00:00 0,(anonymous),1720,0,0
7b6e4a2000-7b6e4a3000 ---p 00000000 00:00 0,(anonymous),4,0,0
7b6e4a3000-7b6e59f000 rw-p 00000000 00:00 0                              [anon:stack_and_tls:11446],[anon:stack_and_tls:11446],1008,12,12
7b6e59f000-7b6e5a1000 ---p 00000000 00:00 0,(anonymous),8,0,0
7b6e5a1000-7b6e69d000 rw-p 00000000 00:00 0                              [anon:stack_and_tls:11445],[anon:stack_and_tls:11445],1008,12,12
7b6e69d000-7b6e69e000 ---p 00000000 00:00 0,(anonymous),4,0,0
7b6e69e000-7b6f034000 ---p 00000000 00:00 0,(anonymous),9816,0,0
7b6f034000-7b6f038000 rw-p 00000000 00:00 0,(anonymous),16,0,0
7b6f038000-7b6f69e000 ---p 00000000 00:00 0,(anonymous),6552,0,0
7b6f69e000-7b6f69f000 ---p 00000000 00:00 0,(anonymous),4,0,0
7b6f69f000-7b6f79b000 rw-p 00000000 00:00 0                              [anon:stack_and_tls:11444],[anon:stack_and_tls:11444],1008,12,12
7b6f79b000-7b6f79d000 ---p 00000000 00:00 0,(anonymous),8,0,0
7b6f79d000-7b6f899000 rw-p 00000000 00:00 0                              [anon:stack_and_tls:11443],[anon:stack_and_tls:11443],1008,12,12
7b6f899000-7b6f89a000 ---p 00000000 00:00 0,(anonymous),4,0,0
7b6f89a000-7b6fd5c000 ---p 00000000 00:00 0,(anonymous),4872,0,0
7b6fd5c000-7b6fd60000 rw-p 00000000 00:00 0,(anonymous),16,0,0
7b6fd60000-7b7089a000 ---p 00000000 00:00 0,(anonymous),11496,0,0
7b7089a000-7b7089b000 ---p 00000000 00:00 0,(anonymous),4,0,0
7b7089b000-7b70997000 rw-p 00000000 00:00 0                              [anon:stack_and_tls:11442],[anon:stack_and_tls:11442],1008,12,12
7b70997000-7b70999000 ---p 00000000 00:00 0,(anonymous),8,0,0
7b70999000-7b70a95000 rw-p 00000000 00:00 0                              [anon:stack_and_tls:11440],[anon:stack_and_tls:11440],1008,12,12
7b70a95000-7b70a96000 ---p 00000000 00:00 0,(anonymous),4,0,0
7b70a96000-7b7135d000 r--p 00000000 fe:0d 2258                           /vendor/lib64/egl/libGLES_mali.so,/vendor/lib64/egl/libGLES_mali.so,8988,1828,187
7b7135d000-7b71366000 ---p 00000000 00:00 0                              [page size compat],compat],36,0,0
7b71366000-7b737c0000 r-xp 008d0000 fe:0d 2258                           /vendor/lib64/egl/libGLES_mali.so,/vendor/lib64/egl/libGLES_mali.so,37224,13596,1681
7b737c0000-7b737c6000 ---p 00000000 00:00 0                              [page size compat],compat],24,0,0
7b737c6000-7b738e8000 r--p 02d30000 fe:0d 2258                           /vendor/lib64/egl/libGLES_mali.so,/vendor/lib64/egl/libGLES_mali.so,1160,1160,1160
7b738e8000-7b738f6000 ---p 00000000 00:00 0,(anonymous),56,0,0
7b738f6000-7b73959000 rw-p 02e60000 fe:0d 2258                           /vendor/lib64/egl/libGLES_mali.so,/vendor/lib64/egl/libGLES_mali.so,396,396,360
7b73959000-7b739b2000 rw-p 00000000 00:00 0                              [anon:.bss],[anon:.bss],356,336,336
7b73a00000-7b77800000 ---p 00000000 00:00 0,(anonymous),63488,0,0
7b77850000-7b77851000 r--p 00000000 fe:0a 2317                           /system/lib64/android.hardware.graphics.common@1.0.so,/system/lib64/android.hardware.graphics.common@1.0.so,4,4,0
7b77851000-7b77852000 r-xp 00001000 fe:0a 2317                           /system/lib64/android.hardware.graphics.common@1.0.so,/system/lib64/android.hardware.graphics.common@1.0.so,4,0,0
7b77852000-7b77853000 r--p 00002000 fe:0a 2317                           /system/lib64/android.hardware.graphics.common@1.0.so,/system/lib64/android.hardware.graphics.common@1.0.so,4,4,4
7b778ac000-7b778ad000 r--p 00000000 fe:0a 2319                           /system/lib64/android.hardware.graphics.common@1.2.so,/system/lib64/android.hardware.graphics.common@1.2.so,4,4,0
7b778ad000-7b778ae000 r-xp 00001000 fe:0a 2319                           /system/lib64/android.hardware.graphics.common@1.2.so,/system/lib64/android.hardware.graphics.common@1.2.so,4,0,0
7b778ae000-7b778af000 r--p 00002000 fe:0a 2319                           /system/lib64/android.hardware.graphics.common@1.2.so,/system/lib64/android.hardware.graphics.common@1.2.so,4,4,4
7b778c5000-7b778c6000 r--p 00000000 fe:0a 2656                           /system/lib64/libhardware.so,/system/lib64/libhardware.so,4,4,0
7b778c6000-7b778c7000 r-xp 00001000 fe:0a 2656                           /system/lib64/libhardware.so,/system/lib64/libhardware.so,4,0,0
7b778c7000-7b778c8000 r--p 00002000 fe:0a 2656                           /system/lib64/libhardware.so,/system/lib64/libhardware.so,4,4,4
7b7793d000-7b77962000 r--p 00000000 fe:0a 2861                           /system/lib64/libui.so,/system/lib64/libui.so,148,104,4
7b77962000-7b77992000 r-xp 00025000 fe:0a 2861                           /system/lib64/libui.so,/system/lib64/libui.so,192,192,9
7b77992000-7b77995000 r--p 00055000 fe:0a 2861                           /system/lib64/libui.so,/system/lib64/libui.so,12,12,12
7b77995000-7b77997000 rw-p 00000000 00:00 0                              [anon:.bss],[anon:.bss],8,8,8
7b77a00000-7b7a800000 ---p 00000000 00:00 0,(anonymous),47104,0,0
7b7a867000-7b7a872000 r--p 00000000 fe:0a 2327                           /system/lib64/android.hardware.graphics.mapper@3.0.so,/system/lib64/android.hardware.graphics.mapper@3.0.so,44,44,1
7b7a872000-7b7a87c000 r-xp 0000b000 fe:0a 2327                           /system/lib64/android.hardware.graphics.mapper@3.0.so,/system/lib64/android.hardware.graphics.mapper@3.0.so,40,36,2
7b7a87c000-7b7a87e000 r--p 00015000 fe:0a 2327                           /system/lib64/android.hardware.graphics.mapper@3.0.so,/system/lib64/android.hardware.graphics.mapper@3.0.so,8,8,8
7b7a87e000-7b7a87f000 rw-p 00017000 fe:0a 2327                           /system/lib64/android.hardware.graphics.mapper@3.0.so,/system/lib64/android.hardware.graphics.mapper@3.0.so,4,4,4
7b7a896000-7b7a89e000 r--p 00000000 fe:0a 2650                           /system/lib64/libgralloctypes.so,/system/lib64/libgralloctypes.so,32,32,1
7b7a89e000-7b7a8a9000 r-xp 00008000 fe:0a 2650                           /system/lib64/libgralloctypes.so,/system/lib64/libgralloctypes.so,44,40,2
7b7a8a9000-7b7a8aa000 r--p 00013000 fe:0a 2650                           /system/lib64/libgralloctypes.so,/system/lib64/libgralloctypes.so,4,4,4
7b7a8aa000-7b7a8ab000 rw-p 00000000 00:00 0                              [anon:.bss],[anon:.bss],4,4,4
7b7a8ca000-7b7a8d4000 r--p 00000000 fe:0a 2325                           /system/lib64/android.hardware.graphics.mapper@2.0.so,/system/lib64/android.hardware.graphics.mapper@2.0.so,40,40,1
7b7a8d4000-7b7a8dd000 r-xp 0000a000 fe:0a 2325                           /system/lib64/android.hardware.graphics.mapper@2.0.so,/system/lib64/android.hardware.graphics.mapper@2.0.so,36,32,2
7b7a8dd000-7b7a8df000 r--p 00013000 fe:0a 2325                           /system/lib64/android.hardware.graphics.mapper@2.0.so,/system/lib64/android.hardware.graphics.mapper@2.0.so,8,8,8
7b7a8df000-7b7a8e0000 rw-p 00015000 fe:0a 2325                           /system/lib64/android.hardware.graphics.mapper@2.0.so,/system/lib64/android.hardware.graphics.mapper@2.0.so,4,4,4
7b7a909000-7b7a912000 r--p 00000000 fe:0a 2313                           /system/lib64/android.hardware.graphics.allocator@4.0.so,/system/lib64/android.hardware.graphics.allocator@4.0.so,36,36,1
7b7a912000-7b7a919000 r-xp 00009000 fe:0a 2313                           /system/lib64/android.hardware.graphics.allocator@4.0.so,/system/lib64/android.hardware.graphics.allocator@4.0.so,28,24,1
7b7a919000-7b7a91b000 r--p 00010000 fe:0a 2313                           /system/lib64/android.hardware.graphics.allocator@4.0.so,/system/lib64/android.hardware.graphics.allocator@4.0.so,8,8,8
7b7a91b000-7b7a91c000 rw-p 00012000 fe:0a 2313                           /system/lib64/android.hardware.graphics.allocator@4.0.so,/system/lib64/android.hardware.graphics.allocator@4.0.so,4,4,4
7b7a946000-7b7a954000 r--p 00000000 fe:0a 2328                           /system/lib64/android.hardware.graphics.mapper@4.0.so,/system/lib64/android.hardware.graphics.mapper@4.0.so,56,56,2
7b7a954000-7b7a962000 r-xp 0000e000 fe:0a 2328                           /system/lib64/android.hardware.graphics.mapper@4.0.so,/system/lib64/android.hardware.graphics.mapper@4.0.so,56,56,3
7b7a962000-7b7a964000 r--p 0001c000 fe:0a 2328                           /system/lib64/android.hardware.graphics.mapper@4.0.so,/system/lib64/android.hardware.graphics.mapper@4.0.so,8,8,8
7b7a964000-7b7a965000 rw-p 0001e000 fe:0a 2328                           /system/lib64/android.hardware.graphics.mapper@4.0.so,/system/lib64/android.hardware.graphics.mapper@4.0.so,4,4,4
7b7a9a6000-7b7a9af000 r--p 00000000 fe:0a 2312                           /system/lib64/android.hardware.graphics.allocator@3.0.so,/system/lib64/android.hardware.graphics.allocator@3.0.so,36,36,1
7b7a9af000-7b7a9b6000 r-xp 00009000 fe:0a 2312                           /system/lib64/android.hardware.graphics.allocator@3.0.so,/system/lib64/android.hardware.graphics.allocator@3.0.so,28,24,1
7b7a9b6000-7b7a9b8000 r--p 00010000 fe:0a 2312                           /system/lib64/android.hardware.graphics.allocator@3.0.so,/system/lib64/android.hardware.graphics.allocator@3.0.so,8,8,8
7b7a9b8000-7b7a9b9000 rw-p 00012000 fe:0a 2312                           /system/lib64/android.hardware.graphics.allocator@3.0.so,/system/lib64/android.hardware.graphics.allocator@3.0.so,4,4,4
7b7a9d4000-7b7a9d5000 r--p 00000000 fe:0a 2848                           /system/lib64/libsync.so,/system/lib64/libsync.so,4,4,0
7b7a9d5000-7b7a9d6000 r-xp 00001000 fe:0a 2848                           /system/lib64/libsync.so,/system/lib64/libsync.so,4,0,0
7b7a9d6000-7b7a9d7000 r--p 00002000 fe:0a 2848                           /system/lib64/libsync.so,/system/lib64/libsync.so,4,4,4
7b7a9d7000-7b7a9d8000 rw-p 00000000 00:00 0                              [anon:.bss],[anon:.bss],4,0,0
7b7aa04000-7b7aa44000 r--p 00000000 fe:0a 2667                           /system/lib64/libhidlbase.so,/system/lib64/libhidlbase.so,256,176,5
7b7aa44000-7b7aa94000 r-xp 00040000 fe:0a 2667                           /system/lib64/libhidlbase.so,/system/lib64/libhidlbase.so,320,256,5
7b7aa94000-7b7aa9f000 r--p 00090000 fe:0a 2667                           /system/lib64/libhidlbase.so,/system/lib64/libhidlbase.so,44,44,44
7b7aa9f000-7b7aaa0000 rw-p 0009b000 fe:0a 2667                           /system/lib64/libhidlbase.so,/system/lib64/libhidlbase.so,4,4,4
7b7ab12000-7b7ab1a000 r--p 00000000 fe:0a 2885                           /system/lib64/libz.so,/system/lib64/libz.so,32,32,0
7b7ab1a000-7b7ab2d000 r-xp 00008000 fe:0a 2885                           /system/lib64/libz.so,/system/lib64/libz.so,76,0,0
7b7ab2d000-7b7ab2e000 r--p 0001b000 fe:0a 2885                           /system/lib64/libz.so,/system/lib64/libz.so,4,4,4
7b7ab2e000-7b7ab2f000 rw-p 00000000 00:00 0                              [anon:.bss],[anon:.bss],4,0,0
7b7ab41000-7b7ab4f000 r--p 00000000 fe:0a 2542                           /system/lib64/libbase.so,/system/lib64/libbase.so,56,56,0
7b7ab4f000-7b7ab70000 r-xp 0000e000 fe:0a 2542                           /system/lib64/libbase.so,/system/lib64/libbase.so,132,124,1
7b7ab70000-7b7ab71000 r--p 0002f000 fe:0a 2542                           /system/lib64/libbase.so,/system/lib64/libbase.so,4,4,4
7b7ab71000-7b7ab72000 rw-p 00030000 fe:0a 2542                           /system/lib64/libbase.so,/system/lib64/libbase.so,4,4,4
7b7ab81000-7b7ab90000 r--p 00000000 fe:0a 2548                           /system/lib64/libbinder_ndk.so,/system/lib64/libbinder_ndk.so,60,60,0
7b7ab90000-7b7ab9f000 r-xp 0000f000 fe:0a 2548                           /system/lib64/libbinder_ndk.so,/system/lib64/libbinder_ndk.so,60,56,0
7b7ab9f000-7b7aba1000 r--p 0001e000 fe:0a 2548                           /system/lib64/libbinder_ndk.so,/system/lib64/libbinder_ndk.so,8,8,8
7b7aba1000-7b7aba2000 rw-p 00000000 00:00 0                              [anon:.bss],[anon:.bss],4,4,4
7b7abca000-7b7abd5000 r--p 00000000 fe:0a 2326                           /system/lib64/android.hardware.graphics.mapper@2.1.so,/system/lib64/android.hardware.graphics.mapper@2.1.so,44,44,1
7b7abd5000-7b7abde000 r-xp 0000b000 fe:0a 2326                           /system/lib64/android.hardware.graphics.mapper@2.1.so,/system/lib64/android.hardware.graphics.mapper@2.1.so,36,32,2
7b7abde000-7b7abe0000 r--p 00014000 fe:0a 2326                           /system/lib64/android.hardware.graphics.mapper@2.1.so,/system/lib64/android.hardware.graphics.mapper@2.1.so,8,8,8
7b7abe0000-7b7abe1000 rw-p 00016000 fe:0a 2326                           /system/lib64/android.hardware.graphics.mapper@2.1.so,/system/lib64/android.hardware.graphics.mapper@2.1.so,4,4,4
7b7ac00000-7b7bc00000 ---p 00000000 00:00 0,(anonymous),16384,0,0
7b7bc68000-7b7bc70000 r--p 00000000 fe:0a 2611                           /system/lib64/libdmabufheap.so,/system/lib64/libdmabufheap.so,32,32,2
7b7bc70000-7b7bc7c000 r-xp 00008000 fe:0a 2611                           /system/lib64/libdmabufheap.so,/system/lib64/libdmabufheap.so,48,44,16
7b7bc7c000-7b7bc7d000 r--p 00014000 fe:0a 2611                           /system/lib64/libdmabufheap.so,/system/lib64/libdmabufheap.so,4,4,4
7b7bc7d000-7b7bc7e000 rw-p 00015000 fe:0a 2611                           /system/lib64/libdmabufheap.so,/system/lib64/libdmabufheap.so,4,4,4
7b7bc8d000-7b7bc92000 r--p 00000000 fe:0a 2708                           /system/lib64/liblog.so,/system/lib64/liblog.so,20,20,0
7b7bc92000-7b7bc9b000 r-xp 00005000 fe:0a 2708                           /system/lib64/liblog.so,/system/lib64/liblog.so,36,0,0
7b7bc9b000-7b7bc9c000 r--p 0000e000 fe:0a 2708                           /system/lib64/liblog.so,/system/lib64/liblog.so,4,4,4
7b7bc9c000-7b7bc9d000 rw-p 0000f000 fe:0a 2708                           /system/lib64/liblog.so,/system/lib64/liblog.so,4,4,4
7b7bcc5000-7b7bcca000 r--p 00000000 fe:0a 2310                           /system/lib64/android.hardware.graphics.allocator-V2-ndk.so,/system/lib64/android.hardware.graphics.allocator-V2-ndk.so,20,20,0
7b7bcca000-7b7bcce000 r-xp 00005000 fe:0a 2310                           /system/lib64/android.hardware.graphics.allocator-V2-ndk.so,/system/lib64/android.hardware.graphics.allocator-V2-ndk.so,16,16,0
7b7bcce000-7b7bccf000 r--p 00009000 fe:0a 2310                           /system/lib64/android.hardware.graphics.allocator-V2-ndk.so,/system/lib64/android.hardware.graphics.allocator-V2-ndk.so,4,4,4
7b7bccf000-7b7bcd0000 rw-p 0000a000 fe:0a 2310                           /system/lib64/android.hardware.graphics.allocator-V2-ndk.so,/system/lib64/android.hardware.graphics.allocator-V2-ndk.so,4,4,4
7b7bd07000-7b7bd15000 r--p 00000000 fe:0a 2505                           /system/lib64/libapexsupport.so,/system/lib64/libapexsupport.so,56,56,0
7b7bd15000-7b7bd2a000 r-xp 0000e000 fe:0a 2505                           /system/lib64/libapexsupport.so,/system/lib64/libapexsupport.so,84,0,0
7b7bd2a000-7b7bd2d000 r--p 00023000 fe:0a 2505                           /system/lib64/libapexsupport.so,/system/lib64/libapexsupport.so,12,12,12
7b7bd2d000-7b7bd2e000 rw-p 00026000 fe:0a 2505                           /system/lib64/libapexsupport.so,/system/lib64/libapexsupport.so,4,4,4
7b7bd52000-7b7bd5b000 r--p 00000000 fe:0a 2614                           /system/lib64/libdrm.so,/system/lib64/libdrm.so,36,24,24
7b7bd5b000-7b7bd6a000 r-xp 00009000 fe:0a 2614                           /system/lib64/libdrm.so,/system/lib64/libdrm.so,60,0,0
7b7bd6a000-7b7bd6b000 r--p 00018000 fe:0a 2614                           /system/lib64/libdrm.so,/system/lib64/libdrm.so,4,4,4
7b7bd6b000-7b7bd6c000 rw-p 00000000 00:00 0                              [anon:.bss],[anon:.bss],4,0,0
7b7bd80000-7b7bd83000 r--p 00000000 fe:0a 2316                           /system/lib64/android.hardware.graphics.common-V5-ndk.so,/system/lib64/android.hardware.graphics.common-V5-ndk.so,12,12,0
7b7bd83000-7b7bd86000 r-xp 00003000 fe:0a 2316                           /system/lib64/android.hardware.graphics.common-V5-ndk.so,/system/lib64/android.hardware.graphics.common-V5-ndk.so,12,0,0
7b7bd86000-7b7bd87000 r--p 00006000 fe:0a 2316                           /system/lib64/android.hardware.graphics.common-V5-ndk.so,/system/lib64/android.hardware.graphics.common-V5-ndk.so,4,4,4
7b7bd87000-7b7bd88000 rw-p 00007000 fe:0a 2316                           /system/lib64/android.hardware.graphics.common-V5-ndk.so,/system/lib64/android.hardware.graphics.common-V5-ndk.so,4,4,4
7b7bdcd000-7b7bddb000 r--p 00000000 fe:0a 2869                           /system/lib64/libutils.so,/system/lib64/libutils.so,56,56,0
7b7bddb000-7b7bde9000 r-xp 0000e000 fe:0a 2869                           /system/lib64/libutils.so,/system/lib64/libutils.so,56,56,0
7b7bde9000-7b7bdea000 r--p 0001c000 fe:0a 2869                           /system/lib64/libutils.so,/system/lib64/libutils.so,4,4,4
7b7bdea000-7b7bdeb000 rw-p 0001d000 fe:0a 2869                           /system/lib64/libutils.so,/system/lib64/libutils.so,4,4,4
7b7be1b000-7b7be20000 r--p 00000000 fe:0a 2754                           /system/lib64/libnativewindow.so,/system/lib64/libnativewindow.so,20,20,0
7b7be20000-7b7be23000 r-xp 00005000 fe:0a 2754                           /system/lib64/libnativewindow.so,/system/lib64/libnativewindow.so,12,0,0
7b7be23000-7b7be24000 r--p 00008000 fe:0a 2754                           /system/lib64/libnativewindow.so,/system/lib64/libnativewindow.so,4,4,4
7b7be24000-7b7be25000 rw-p 00000000 00:00 0                              [anon:.bss],[anon:.bss],4,0,0
7b7be66000-7b7be6f000 r--p 00000000 fe:0a 2602                           /system/lib64/libcutils.so,/system/lib64/libcutils.so,36,36,0
7b7be6f000-7b7be7a000 r-xp 00009000 fe:0a 2602                           /system/lib64/libcutils.so,/system/lib64/libcutils.so,44,44,0
7b7be7a000-7b7be7c000 r--p 00014000 fe:0a 2602                           /system/lib64/libcutils.so,/system/lib64/libcutils.so,8,8,8
7b7be7c000-7b7be7d000 rw-p 00016000 fe:0a 2602                           /system/lib64/libcutils.so,/system/lib64/libcutils.so,4,4,4
7b7be80000-7b7be81000 r--p 00000000 fe:0a 2876                           /system/lib64/libvndksupport.so,/system/lib64/libvndksupport.so,4,4,0
7b7be81000-7b7be82000 r-xp 00001000 fe:0a 2876                           /system/lib64/libvndksupport.so,/system/lib64/libvndksupport.so,4,0,0
7b7be82000-7b7be83000 r--p 00002000 fe:0a 2876                           /system/lib64/libvndksupport.so,/system/lib64/libvndksupport.so,4,4,4
7b7be83000-7b7be84000 rw-p 00000000 00:00 0                              [anon:.bss],[anon:.bss],4,0,0
7b7bedb000-7b7bedc000 r--p 00000000 07:110 44                            /apex/com.android.runtime/lib64/bionic/libdl_android.so,/apex/com.android.runtime/lib64/bionic/libdl_android.so,4,4,0
7b7bedc000-7b7bedd000 r-xp 00001000 07:110 44                            /apex/com.android.runtime/lib64/bionic/libdl_android.so,/apex/com.android.runtime/lib64/bionic/libdl_android.so,4,0,0
7b7bedd000-7b7bede000 r--p 00002000 07:110 44                            /apex/com.android.runtime/lib64/bionic/libdl_android.so,/apex/com.android.runtime/lib64/bionic/libdl_android.so,4,4,4
7b7bf09000-7b7bf4f000 r--p 00000000 fe:0a 2547                           /system/lib64/libbinder.so,/system/lib64/libbinder.so,280,156,1
7b7bf4f000-7b7bfac000 r-xp 00046000 fe:0a 2547                           /system/lib64/libbinder.so,/system/lib64/libbinder.so,372,240,1
7b7bfac000-7b7bfbb000 r--p 000a3000 fe:0a 2547                           /system/lib64/libbinder.so,/system/lib64/libbinder.so,60,60,60
7b7bfbb000-7b7bfbc000 rw-p 000b2000 fe:0a 2547                           /system/lib64/libbinder.so,/system/lib64/libbinder.so,4,4,4
7b7bfc0000-7b7bfc2000 r--p 00000000 fe:0a 2282                           /system/lib64/android.hardware.common-V2-ndk.so,/system/lib64/android.hardware.common-V2-ndk.so,8,4,0
7b7bfc2000-7b7bfc3000 r-xp 00002000 fe:0a 2282                           /system/lib64/android.hardware.common-V2-ndk.so,/system/lib64/android.hardware.common-V2-ndk.so,4,0,0
7b7bfc3000-7b7bfc4000 r--p 00003000 fe:0a 2282                           /system/lib64/android.hardware.common-V2-ndk.so,/system/lib64/android.hardware.common-V2-ndk.so,4,4,4
7b7bfc4000-7b7bfc5000 rw-p 00004000 fe:0a 2282                           /system/lib64/android.hardware.common-V2-ndk.so,/system/lib64/android.hardware.common-V2-ndk.so,4,4,4
7b7bfea000-7b7bfeb000 ---p 00000000 00:00 0,(anonymous),4,0,0
7b7bfeb000-7b7c02c000 rw-p 00000000 00:00 0                              [anon:scudo:secondary],[anon:scudo:secondary],260,12,12
7b7c02c000-7b7c02d000 ---p 00000000 00:00 0,(anonymous),4,0,0
7b7c02d000-7b7c02e000 r--p 00000000 fe:0a 2318                           /system/lib64/android.hardware.graphics.common@1.1.so,/system/lib64/android.hardware.graphics.common@1.1.so,4,4,0
7b7c02e000-7b7c02f000 r-xp 00001000 fe:0a 2318                           /system/lib64/android.hardware.graphics.common@1.1.so,/system/lib64/android.hardware.graphics.common@1.1.so,4,0,0
7b7c02f000-7b7c030000 r--p 00002000 fe:0a 2318                           /system/lib64/android.hardware.graphics.common@1.1.so,/system/lib64/android.hardware.graphics.common@1.1.so,4,4,4
7b7c05b000-7b7c064000 r--p 00000000 fe:0a 2311                           /system/lib64/android.hardware.graphics.allocator@2.0.so,/system/lib64/android.hardware.graphics.allocator@2.0.so,36,36,1
7b7c064000-7b7c06b000 r-xp 00009000 fe:0a 2311                           /system/lib64/android.hardware.graphics.allocator@2.0.so,/system/lib64/android.hardware.graphics.allocator@2.0.so,28,24,1
7b7c06b000-7b7c06d000 r--p 00010000 fe:0a 2311                           /system/lib64/android.hardware.graphics.allocator@2.0.so,/system/lib64/android.hardware.graphics.allocator@2.0.so,8,8,8
7b7c06d000-7b7c06e000 rw-p 00012000 fe:0a 2311                           /system/lib64/android.hardware.graphics.allocator@2.0.so,/system/lib64/android.hardware.graphics.allocator@2.0.so,4,4,4
7b7c098000-7b7c099000 rw-p 00000000 00:00 0                              [anon:bionic_alloc_small_objects],[anon:bionic_alloc_small_objects],4,4,4
7b7c0d3000-7b7c0d4000 rw-p 00000000 00:00 0                              [anon:bionic_alloc_small_objects],[anon:bionic_alloc_small_objects],4,4,4
7b7c0ea000-7b7c0eb000 rw-p 00000000 00:00 0                              [anon:bionic_alloc_small_objects],[anon:bionic_alloc_small_objects],4,4,4
7b7c0f6000-7b7c0f7000 ---p 00000000 00:00 0,(anonymous),4,0,0
7b7c0f7000-7b7c10a000 rw-p 00000000 00:00 0                              [anon:scudo:secondary],[anon:scudo:secondary],76,76,76
7b7c10a000-7b7c10b000 ---p 00000000 00:00 0,(anonymous),4,0,0
7b7c10b000-7b7c10c000 ---p 00000000 00:00 0,(anonymous),4,0,0
7b7c10c000-7b7c114000 rw-p 00000000 00:00 0                              [anon:thread signal stack],stack],32,0,0
7b7c114000-7b7c115000 ---p 00000000 00:00 0,(anonymous),4,0,0
7b7c115000-7b7c153000 rw-p 00000000 00:00 0                              [anon:scudo:secondary],[anon:scudo:secondary],248,4,4
7b7c153000-7b7c154000 ---p 00000000 00:00 0,(anonymous),4,0,0
7b7c154000-7b7c40c000 ---p 00000000 00:00 0                              [anon:cfi shadow],shadow],2784,0,0
7b7c40c000-7b7c40d000 r--p 00000000 00:00 0                              [anon:cfi shadow],shadow],4,4,4
7b7c40d000-7b7c52f000 ---p 00000000 00:00 0                              [anon:cfi shadow],shadow],1160,0,0
7b7c52f000-7b7c530000 r--p 00000000 00:00 0                              [anon:cfi shadow],shadow],4,4,4
7b7c530000-7b7c533000 ---p 00000000 00:00 0                              [anon:cfi shadow],shadow],12,0,0
7b7c533000-7b7c534000 r--p 00000000 00:00 0                              [anon:cfi shadow],shadow],4,4,4
7b7c534000-7b7c544000 ---p 00000000 00:00 0                              [anon:cfi shadow],shadow],64,0,0
7b7c544000-7b7c545000 r--p 00000000 00:00 0                              [anon:cfi shadow],shadow],4,4,4
7b7c545000-7bfc154000 ---p 00000000 00:00 0                              [anon:cfi shadow],shadow],2093116,0,0
7bfc154000-7bfc157000 r--p 00000000 fe:0a 2757                           /system/lib64/libnetd_client.so,/system/lib64/libnetd_client.so,12,12,0
7bfc157000-7bfc15b000 r-xp 00003000 fe:0a 2757                           /system/lib64/libnetd_client.so,/system/lib64/libnetd_client.so,16,16,0
7bfc15b000-7bfc15c000 r--p 00007000 fe:0a 2757                           /system/lib64/libnetd_client.so,/system/lib64/libnetd_client.so,4,4,4
7bfc15c000-7bfc15d000 rw-p 00008000 fe:0a 2757                           /system/lib64/libnetd_client.so,/system/lib64/libnetd_client.so,4,4,4
7bfc163000-7bfc164000 ---p 00000000 00:00 0,(anonymous),4,0,0
7bfc164000-7bfc16c000 rw-p 00000000 00:00 0                              [anon:thread signal stack],stack],32,0,0
7bfc16c000-7bfc16d000 ---p 00000000 00:00 0,(anonymous),4,0,0
7bfc16d000-7bfc175000 rw-p 00000000 00:00 0                              [anon:thread signal stack],stack],32,0,0
7bfc175000-7bfc176000 ---p 00000000 00:00 0,(anonymous),4,0,0
7bfc176000-7bfc17e000 rw-p 00000000 00:00 0                              [anon:thread signal stack],stack],32,0,0
7bfc17e000-7bfc19e000 r--s 00000000 00:10 392                            /dev/__properties__/u:object_r:vendor_arm_runtime_option_prop:s0,/dev/__properties__/u:object_r:vendor_arm_runtime_option_prop:s0,128,4,0
7bfc19e000-7bfc19f000 ---p 00000000 00:00 0,(anonymous),4,0,0
7bfc19f000-7bfc1b8000 rw-p 00000000 00:00 0                              [anon:scudo:secondary],[anon:scudo:secondary],100,100,100
7bfc1b8000-7bfc1b9000 ---p 00000000 00:00 0,(anonymous),4,0,0
7bfc1b9000-7bfc1d9000 r--s 00000000 00:10 238                            /dev/__properties__/u:object_r:heapprofd_prop:s0,/dev/__properties__/u:object_r:heapprofd_prop:s0,128,4,0
7bfc1d9000-7bfc1f9000 r--s 00000000 00:10 260                            /dev/__properties__/u:object_r:libc_debug_prop:s0,/dev/__properties__/u:object_r:libc_debug_prop:s0,128,4,0
7bfc1f9000-7bfc219000 r--s 00000000 00:10 233                            /dev/__properties__/u:object_r:gwp_asan_prop:s0,/dev/__properties__/u:object_r:gwp_asan_prop:s0,128,4,0
7bfc219000-7bfc21e000 ---p 00000000 00:00 0                              [anon:scudo:primary_reserve],[anon:scudo:primary_reserve],20,0,0
7bfc21e000-7bfc25e000 rw-p 00000000 00:00 0                              [anon:scudo:primary],[anon:scudo:primary],256,12,12
7bfc25e000-7c0c227000 ---p 00000000 00:00 0                              [anon:scudo:primary_reserve],[anon:scudo:primary_reserve],261924,0,0
7c0c227000-7c0c267000 rw-p 00000000 00:00 0                              [anon:scudo:primary],[anon:scudo:primary],256,20,20
7c0c267000-7c1c221000 ---p 00000000 00:00 0                              [anon:scudo:primary_reserve],[anon:scudo:primary_reserve],261864,0,0
7c1c221000-7c1c261000 rw-p 00000000 00:00 0                              [anon:scudo:primary],[anon:scudo:primary],256,8,8
7c1c261000-7c2c21a000 ---p 00000000 00:00 0                              [anon:scudo:primary_reserve],[anon:scudo:primary_reserve],261860,0,0
7c2c21a000-7c2c25a000 rw-p 00000000 00:00 0                              [anon:scudo:primary],[anon:scudo:primary],256,24,24
7c2c25a000-7c4c221000 ---p 00000000 00:00 0                              [anon:scudo:primary_reserve],[anon:scudo:primary_reserve],524060,0,0
7c4c221000-7c4c261000 rw-p 00000000 00:00 0                              [anon:scudo:primary],[anon:scudo:primary],256,60,60
7c4c261000-7c5c222000 ---p 00000000 00:00 0                              [anon:scudo:primary_reserve],[anon:scudo:primary_reserve],261892,0,0
7c5c222000-7c5c262000 rw-p 00000000 00:00 0                              [anon:scudo:primary],[anon:scudo:primary],256,20,20
7c5c262000-7c6c225000 ---p 00000000 00:00 0                              [anon:scudo:primary_reserve],[anon:scudo:primary_reserve],261900,0,0
7c6c225000-7c6c265000 rw-p 00000000 00:00 0                              [anon:scudo:primary],[anon:scudo:primary],256,8,8
7c6c265000-7c7c229000 ---p 00000000 00:00 0                              [anon:scudo:primary_reserve],[anon:scudo:primary_reserve],261904,0,0
7c7c229000-7c7c269000 rw-p 00000000 00:00 0                              [anon:scudo:primary],[anon:scudo:primary],256,16,16
7c7c269000-7c8c226000 ---p 00000000 00:00 0                              [anon:scudo:primary_reserve],[anon:scudo:primary_reserve],261876,0,0
7c8c226000-7c8c266000 rw-p 00000000 00:00 0                              [anon:scudo:primary],[anon:scudo:primary],256,224,224
7c8c266000-7c9c21a000 ---p 00000000 00:00 0                              [anon:scudo:primary_reserve],[anon:scudo:primary_reserve],261840,0,0
7c9c21a000-7c9c25a000 rw-p 00000000 00:00 0                              [anon:scudo:primary],[anon:scudo:primary],256,68,68
7c9c25a000-7cac21f000 ---p 00000000 00:00 0                              [anon:scudo:primary_reserve],[anon:scudo:primary_reserve],261908,0,0
7cac21f000-7cac25f000 rw-p 00000000 00:00 0                              [anon:scudo:primary],[anon:scudo:primary],256,8,8
7cac25f000-7ccc21a000 ---p 00000000 00:00 0                              [anon:scudo:primary_reserve],[anon:scudo:primary_reserve],524012,0,0
7ccc21a000-7ccc29a000 rw-p 00000000 00:00 0                              [anon:scudo:primary],[anon:scudo:primary],512,308,308
7ccc29a000-7cdc21d000 ---p 00000000 00:00 0                              [anon:scudo:primary_reserve],[anon:scudo:primary_reserve],261644,0,0
7cdc21d000-7cdc25d000 rw-p 00000000 00:00 0                              [anon:scudo:primary],[anon:scudo:primary],256,36,36
7cdc25d000-7cec21f000 ---p 00000000 00:00 0                              [anon:scudo:primary_reserve],[anon:scudo:primary_reserve],261896,0,0
7cec21f000-7cec25f000 rw-p 00000000 00:00 0                              [anon:scudo:primary],[anon:scudo:primary],256,12,12
7cec25f000-7cfc21c000 ---p 00000000 00:00 0                              [anon:scudo:primary_reserve],[anon:scudo:primary_reserve],261876,0,0
7cfc21c000-7cfc25c000 rw-p 00000000 00:00 0                              [anon:scudo:primary],[anon:scudo:primary],256,8,8
7cfc25c000-7d0c226000 ---p 00000000 00:00 0                              [anon:scudo:primary_reserve],[anon:scudo:primary_reserve],261928,0,0
7d0c226000-7d0c266000 rw-p 00000000 00:00 0                              [anon:scudo:primary],[anon:scudo:primary],256,132,132
7d0c266000-7d2c21b000 ---p 00000000 00:00 0                              [anon:scudo:primary_reserve],[anon:scudo:primary_reserve],523988,0,0
7d2c21b000-7d2c25b000 rw-p 00000000 00:00 0                              [anon:scudo:primary],[anon:scudo:primary],256,16,16
7d2c25b000-7d3c21c000 ---p 00000000 00:00 0                              [anon:scudo:primary_reserve],[anon:scudo:primary_reserve],261892,0,0
7d3c21c000-7d3c25c000 rw-p 00000000 00:00 0                              [anon:scudo:primary],[anon:scudo:primary],256,32,32
7d3c25c000-7d4c220000 ---p 00000000 00:00 0                              [anon:scudo:primary_reserve],[anon:scudo:primary_reserve],261904,0,0
7d4c220000-7d4c260000 rw-p 00000000 00:00 0                              [anon:scudo:primary],[anon:scudo:primary],256,16,16
7d4c260000-7d5c229000 ---p 00000000 00:00 0                              [anon:scudo:primary_reserve],[anon:scudo:primary_reserve],261924,0,0
7d5c229000-7d5c269000 rw-p 00000000 00:00 0                              [anon:scudo:primary],[anon:scudo:primary],256,12,12
7d5c269000-7d6c227000 ---p 00000000 00:00 0                              [anon:scudo:primary_reserve],[anon:scudo:primary_reserve],261880,0,0
7d6c227000-7d6c267000 rw-p 00000000 00:00 0                              [anon:scudo:primary],[anon:scudo:primary],256,20,20
7d6c267000-7d7c21a000 ---p 00000000 00:00 0                              [anon:scudo:primary_reserve],[anon:scudo:primary_reserve],261836,0,0
7d7c21a000-7d7c25a000 rw-p 00000000 00:00 0                              [anon:scudo:primary],[anon:scudo:primary],256,20,20
7d7c25a000-7d8c225000 ---p 00000000 00:00 0                              [anon:scudo:primary_reserve],[anon:scudo:primary_reserve],261932,0,0
7d8c225000-7d8c265000 rw-p 00000000 00:00 0                              [anon:scudo:primary],[anon:scudo:primary],256,232,232
7d8c265000-7d9c21d000 ---p 00000000 00:00 0                              [anon:scudo:primary_reserve],[anon:scudo:primary_reserve],261856,0,0
7d9c21d000-7d9c25d000 rw-p 00000000 00:00 0                              [anon:scudo:primary],[anon:scudo:primary],256,32,32
7d9c25d000-7dac21b000 ---p 00000000 00:00 0                              [anon:scudo:primary_reserve],[anon:scudo:primary_reserve],261880,0,0
7dac21b000-7dac25b000 rw-p 00000000 00:00 0                              [anon:scudo:primary],[anon:scudo:primary],256,4,4
7dac25b000-7dcc21b000 ---p 00000000 00:00 0                              [anon:scudo:primary_reserve],[anon:scudo:primary_reserve],524032,0,0
7dcc21b000-7dcc25b000 rw-p 00000000 00:00 0                              [anon:scudo:primary],[anon:scudo:primary],256,4,4
7dcc25b000-7ddc21c000 ---p 00000000 00:00 0                              [anon:scudo:primary_reserve],[anon:scudo:primary_reserve],261892,0,0
7ddc21c000-7ddc25c000 rw-p 00000000 00:00 0                              [anon:scudo:primary],[anon:scudo:primary],256,16,16
7ddc25c000-7dfc224000 ---p 00000000 00:00 0                              [anon:scudo:primary_reserve],[anon:scudo:primary_reserve],524064,0,0
7dfc224000-7dfc264000 rw-p 00000000 00:00 0                              [anon:scudo:primary],[anon:scudo:primary],256,20,20
7dfc264000-7e0c219000 ---p 00000000 00:00 0                              [anon:scudo:primary_reserve],[anon:scudo:primary_reserve],261844,0,0
7e0c219000-7e0c279000 rw-p 00000000 00:00 0                              [anon:linker_alloc],[anon:linker_alloc],384,4,4
7e0c279000-7e0c2f1000 r--p 00000000 fe:0a 2569                           /system/lib64/libc++.so,/system/lib64/libc++.so,480,344,3
7e0c2f1000-7e0c2f4000 ---p 00000000 00:00 0,(anonymous),12,0,0
7e0c2f4000-7e0c368000 r-xp 00077000 fe:0a 2569                           /system/lib64/libc++.so,/system/lib64/libc++.so,464,392,2
7e0c368000-7e0c36b000 ---p 00000000 00:00 0,(anonymous),12,0,0
7e0c36b000-7e0c373000 r--p 000ea000 fe:0a 2569                           /system/lib64/libc++.so,/system/lib64/libc++.so,32,32,32
7e0c373000-7e0c376000 ---p 00000000 00:00 0,(anonymous),12,0,0
7e0c376000-7e0c377000 rw-p 000f1000 fe:0a 2569                           /system/lib64/libc++.so,/system/lib64/libc++.so,4,4,4
7e0c377000-7e0c37e000 rw-p 00000000 00:00 0                              [anon:.bss],[anon:.bss],28,8,8
7e0c382000-7e0c383000 rw-p 00000000 00:00 0                              [anon:bionic_alloc_small_objects],[anon:bionic_alloc_small_objects],4,4,4
7e0c388000-7e0c38c000 r--p 00000000 fe:0d 2305                           /vendor/lib64/libOpenCL.so,/vendor/lib64/libOpenCL.so,16,16,8
7e0c38c000-7e0c38f000 r-xp 00004000 fe:0d 2305                           /vendor/lib64/libOpenCL.so,/vendor/lib64/libOpenCL.so,12,12,6
7e0c38f000-7e0c390000 r--p 00007000 fe:0d 2305                           /vendor/lib64/libOpenCL.so,/vendor/lib64/libOpenCL.so,4,4,4
7e0c390000-7e0c391000 rw-p 00000000 00:00 0                              [anon:.bss],[anon:.bss],4,4,4
7e0c392000-7e0c393000 ---p 00000000 00:00 0,(anonymous),4,0,0
7e0c393000-7e0c39b000 rw-p 00000000 00:00 0                              [anon:thread signal stack],stack],32,0,0
7e0c39b000-7e0c39c000 ---p 00000000 00:00 0,(anonymous),4,0,0
7e0c39c000-7e0c3a4000 rw-p 00000000 00:00 0                              [anon:thread signal stack],stack],32,0,0
7e0c3a4000-7e0c3c4000 r--s 00000000 00:10 162                            /dev/__properties__/u:object_r:debug_prop:s0,/dev/__properties__/u:object_r:debug_prop:s0,128,8,0
7e0c3c4000-7e0c3c5000 r--p 00000000 07:110 43                            /apex/com.android.runtime/lib64/bionic/libdl.so,/apex/com.android.runtime/lib64/bionic/libdl.so,4,4,0
7e0c3c5000-7e0c3c6000 r-xp 00001000 07:110 43                            /apex/com.android.runtime/lib64/bionic/libdl.so,/apex/com.android.runtime/lib64/bionic/libdl.so,4,4,0
7e0c3c6000-7e0c3c7000 r--p 00002000 07:110 43                            /apex/com.android.runtime/lib64/bionic/libdl.so,/apex/com.android.runtime/lib64/bionic/libdl.so,4,4,4
7e0c3c7000-7e0c3c8000 r--p 00000000 00:00 0                              [anon:.bss],[anon:.bss],4,4,4
7e0c3cf000-7e0c3d0000 ---p 00000000 00:00 0,(anonymous),4,0,0
7e0c3d0000-7e0c3d8000 rw-p 00000000 00:00 0                              [anon:thread signal stack],stack],32,0,0
7e0c3d8000-7e0c3d9000 ---p 00000000 00:00 0,(anonymous),4,0,0
7e0c3d9000-7e0c3e1000 rw-p 00000000 00:00 0                              [anon:thread signal stack],stack],32,0,0
7e0c3e1000-7e0c401000 r--s 00000000 00:10 475                            /dev/__properties__/properties_serial,/dev/__properties__/properties_serial,128,4,0
7e0c401000-7e0c445000 r--p 00000000 07:110 41                            /apex/com.android.runtime/lib64/bionic/libc.so,/apex/com.android.runtime/lib64/bionic/libc.so,272,188,1
7e0c445000-7e0c4db000 r-xp 00044000 07:110 41                            /apex/com.android.runtime/lib64/bionic/libc.so,/apex/com.android.runtime/lib64/bionic/libc.so,600,600,3
7e0c4db000-7e0c4df000 r--p 000da000 07:110 41                            /apex/com.android.runtime/lib64/bionic/libc.so,/apex/com.android.runtime/lib64/bionic/libc.so,16,16,16
7e0c4df000-7e0c4e0000 rw-p 000de000 07:110 41                            /apex/com.android.runtime/lib64/bionic/libc.so,/apex/com.android.runtime/lib64/bionic/libc.so,4,4,4
7e0c4e0000-7e0c4f1000 rw-p 00000000 00:00 0                              [anon:.bss],[anon:.bss],68,64,64
7e0c4f1000-7e0c4f2000 r--p 00000000 00:00 0                              [anon:.bss],[anon:.bss],4,4,4
7e0c4f2000-7e0c4fa000 rw-p 00000000 00:00 0                              [anon:.bss],[anon:.bss],32,20,20
7e0c501000-7e0c514000 r--p 00000000 07:110 45                            /apex/com.android.runtime/lib64/bionic/libm.so,/apex/com.android.runtime/lib64/bionic/libm.so,76,64,0
7e0c514000-7e0c539000 r-xp 00013000 07:110 45                            /apex/com.android.runtime/lib64/bionic/libm.so,/apex/com.android.runtime/lib64/bionic/libm.so,148,0,0
7e0c539000-7e0c53a000 r--p 00038000 07:110 45                            /apex/com.android.runtime/lib64/bionic/libm.so,/apex/com.android.runtime/lib64/bionic/libm.so,4,4,4
7e0c53a000-7e0c53b000 rw-p 00039000 07:110 45                            /apex/com.android.runtime/lib64/bionic/libm.so,/apex/com.android.runtime/lib64/bionic/libm.so,4,4,4
7e0c543000-7e0c55d000 r--s 00000000 00:10 78                             /dev/__properties__/property_info,/dev/__properties__/property_info,104,104,0
7e0c55d000-7e0c57d000 r--s 00000000 00:10 180                            /dev/__properties__/u:object_r:device_config_memory_safety_native_prop:s0,/dev/__properties__/u:object_r:device_config_memory_safety_native_prop:s0,128,4,0
7e0c57d000-7e0c57f000 rw-p 00000000 00:00 0                              [anon:bionic_alloc_small_objects],[anon:bionic_alloc_small_objects],8,8,8
7e0c587000-7e0c588000 ---p 00000000 00:00 0,(anonymous),4,0,0
7e0c588000-7e0c590000 rw-p 00000000 00:00 0                              [anon:thread signal stack],stack],32,0,0
7e0c590000-7e0c594000 rw-p 00000000 00:00 0                              [anon:System property context nodes],nodes],16,16,16
7e0c594000-7e0c595000 ---p 00000000 00:00 0,(anonymous),4,0,0
7e0c595000-7e0c599000 rw-p 00000000 00:00 0                              [anon:stack_and_tls:main],[anon:stack_and_tls:main],16,12,12
7e0c599000-7e0c59a000 ---p 00000000 00:00 0,(anonymous),4,0,0
7e0c59a000-7e0c5ba000 r--s 00000000 00:10 91                             /dev/__properties__/u:object_r:arm64_memtag_prop:s0,/dev/__properties__/u:object_r:arm64_memtag_prop:s0,128,4,0
7e0c5bd000-7e0c5cd000 r--p 00000000 00:00 0                              [anon:atexit handlers],handlers],64,44,44
7e0c5d2000-7e0c5d3000 ---p 00000000 00:00 0,(anonymous),4,0,0
7e0c5d3000-7e0c5db000 rw-p 00000000 00:00 0                              [anon:thread signal stack],stack],32,0,0
7e0c5db000-7e0c5fb000 r--s 00000000 00:10 117                            /dev/__properties__/u:object_r:build_prop:s0,/dev/__properties__/u:object_r:build_prop:s0,128,16,0
7e0c5fb000-7e0c61b000 r--s 00000000 00:10 435                            /dev/__properties__/u:object_r:vendor_socket_hook_prop:s0,/dev/__properties__/u:object_r:vendor_socket_hook_prop:s0,128,4,0
7e0c61b000-7e0c61c000 rw-p 00000000 00:00 0                              [anon:bionic_alloc_small_objects],[anon:bionic_alloc_small_objects],4,4,4
7e0c61c000-7e0c67c000 r--p 00000000 00:00 0                              [anon:linker_alloc],[anon:linker_alloc],384,28,28
7e0c67c000-7e0c69c000 r--s 00000000 00:10 162                            /dev/__properties__/u:object_r:debug_prop:s0,/dev/__properties__/u:object_r:debug_prop:s0,128,8,0
7e0c69c000-7e0c69d000 ---p 00000000 00:00 0,(anonymous),4,0,0
7e0c69d000-7e0c6a5000 rw-p 00000000 00:00 0,(anonymous),32,0,0
7e0c6a5000-7e0c6a6000 ---p 00000000 00:00 0,(anonymous),4,0,0
7e0c6a6000-7e0c6c6000 r--s 00000000 00:10 475                            /dev/__properties__/properties_serial,/dev/__properties__/properties_serial,128,4,0
7e0c6c6000-7e0c6ca000 rw-p 00000000 00:00 0                              [anon:System property context nodes],nodes],16,16,16
7e0c6ca000-7e0c6e4000 r--s 00000000 00:10 78                             /dev/__properties__/property_info,/dev/__properties__/property_info,104,80,0
7e0c6e4000-7e0c744000 r--p 00000000 00:00 0                              [anon:linker_alloc],[anon:linker_alloc],384,12,12
7e0c744000-7e0c745000 rw-p 00000000 00:00 0                              [anon:bionic_alloc_small_objects],[anon:bionic_alloc_small_objects],4,4,4
7e0c745000-7e0c746000 r--p 00000000 00:00 0                              [anon:atexit handlers],handlers],4,4,4
7e0c746000-7e0c748000 rw-p 00000000 00:00 0                              [anon:bionic_alloc_small_objects],[anon:bionic_alloc_small_objects],8,8,8
7e0c748000-7e0d548000 ---p 00000000 00:00 0,(anonymous),14336,0,0
7e0d548000-7e0d54c000 rw-p 00000000 00:00 0,(anonymous),16,0,0
7e0d54c000-7e0d748000 ---p 00000000 00:00 0,(anonymous),2032,0,0
7e0d748000-7e0d749000 ---p 00000000 00:00 0,(anonymous),4,0,0
7e0d749000-7e0d751000 rw-p 00000000 00:00 0                              [anon:thread signal stack],stack],32,0,0
7e0d751000-7e0d752000 rw-p 00000000 00:00 0                              [anon:arc4random data],data],4,4,4
7e0d754000-7e0d755000 rw-p 00000000 00:00 0                              [anon:arc4random data],data],4,4,4
7e0d755000-7e0d757000 r--p 00000000 00:00 0                              [vvar],[vvar],8,0,0
7e0d757000-7e0d758000 r-xp 00000000 00:00 0                              [vdso],[vdso],4,4,0
7e0d758000-7e0d7a0000 r--p 00000000 07:110 16                            /apex/com.android.runtime/bin/linker64,/apex/com.android.runtime/bin/linker64,288,96,0
7e0d7a0000-7e0d8c7000 r-xp 00048000 07:110 16                            /apex/com.android.runtime/bin/linker64,/apex/com.android.runtime/bin/linker64,1180,732,5
7e0d8c7000-7e0d8d1000 r--p 0016f000 07:110 16                            /apex/com.android.runtime/bin/linker64,/apex/com.android.runtime/bin/linker64,40,40,40
7e0d8d1000-7e0d8d2000 rw-p 00179000 07:110 16                            /apex/com.android.runtime/bin/linker64,/apex/com.android.runtime/bin/linker64,4,4,4
7e0d8d2000-7e0d8d4000 rw-p 00000000 00:00 0                              [anon:.bss],[anon:.bss],8,8,8
7e0d8d4000-7e0d8d5000 r--p 00000000 00:00 0                              [anon:.bss],[anon:.bss],4,4,4
7e0d8d5000-7e0d8e2000 rw-p 00000000 00:00 0                              [anon:.bss],[anon:.bss],52,24,24
7fc2560000-7fc2582000 rw-p 00000000 00:00 0                              [stack],[stack],136,24,24
